"merchant_name","merchant_category","total_transactions","total_revenue","average_transaction_value","fraud_transactions","fraud_rate_percent"
"fraud_Spencer-Runolfsson","misc_pos","1590","99774.93999999997","62.751534591194954","7","0.44"
"fraud_Bahringer, Osinski and Block","food_dining","1721","84632.81999999998","49.17653689715281","2","0.12"
"fraud_Boyer-Reichert","shopping_net","1908","171210.83","89.7331394129979","38","1.99"
"fraud_Kuhn Group","food_dining","1768","92663.17","52.411295248868775","5","0.28"
"fraud_Durgan, Gislason and Spencer","home","2342","139222.70999999996","59.44607600341587","2","0.09"
"fraud_Friesen Ltd","health_fitness","1751","93172.18000000001","53.210839520274135","3","0.17"
"fraud_Dibbert and Sons","entertainment","1927","127626.57","66.2307057602491","5","0.26"
"fraud_Botsford PLC","home","2468","143815.78","58.27219611021069","6","0.24"
"fraud_Rau-Grant","kids_pets","2253","132797.54999999996","58.942543275632474","2","0.09"
"fraud_Goyette, Howell and Collier","shopping_pos","2328","183271.55000000002","78.72489261168386","19","0.82"
"fraud_Barton LLC","kids_pets","2298","131856.55000000005","57.378829416884265","6","0.26"
"fraud_Botsford Ltd","shopping_pos","2311","173409.41999999995","75.0365296408481","16","0.69"
"fraud_Nader-Maggio","personal_care","1785","85468.62","47.88157983193277","4","0.22"
"fraud_Witting, Beer and Ernser","home","2390","138319.08999999997","57.87409623430961","5","0.21"
"fraud_Auer-West","shopping_net","1887","167822.28000000003","88.93602543720192","28","1.48"
"fraud_Okuneva, Schneider and Rau","shopping_pos","2306","191041.53999999998","82.84542064180398","12","0.52"
"fraud_Sporer-Keebler","personal_care","1825","86797.84000000001","47.56046027397261","5","0.27"
"fraud_Stark-Koss","home","2479","142332.20000000004","57.4151674062122","3","0.12"
"fraud_Fadel, Mertz and Rippin","entertainment","1895","120373.77000000002","63.5217783641161","5","0.26"
"fraud_Schoen Ltd","kids_pets","2337","132834.69000000012","56.839833119383876","6","0.26"
"fraud_Volkman-Predovic","shopping_net","1949","168605.83000000002","86.50889173935353","28","1.44"
"fraud_Frami Group","entertainment","1892","117369.72","62.034735729386895","4","0.21"
"fraud_Thompson-Gleason","health_fitness","1691","94495.14000000004","55.881218214074536","3","0.18"
"fraud_Boyer PLC","shopping_net","3493","264680.90999999986","75.77466647580871","40","1.15"
"fraud_Koss, Hansen and Lueilwitz","home","2341","137492.95999999996","58.732575822298145","6","0.26"
"fraud_Hyatt-Blick","travel","845","74554.33","88.22997633136094","2","0.24"
"fraud_Miller-Harris","misc_net","1241","95129.81999999998","76.6557775987107","22","1.77"
"fraud_Yost, Block and Koepp","misc_pos","1622","102204.83","63.01160912453761","5","0.31"
"fraud_Windler LLC","kids_pets","2197","129458.79999999996","58.92526172052798","1","0.05"
"fraud_Bernhard, Grant and Langworth","shopping_pos","2304","186118.12","80.78043402777777","12","0.52"
"fraud_Kassulke PLC","shopping_net","1952","160985.03","82.47183913934427","33","1.69"
"fraud_Will Ltd","food_dining","1862","96261.06999999998","51.6976745435016","2","0.11"
"fraud_Jast and Sons","food_dining","1830","91835.20000000001","50.18316939890711","4","0.22"
"fraud_Metz, Russel and Metz","kids_pets","2214","128921.30000000005","58.23003613369469","5","0.23"
"fraud_Bahringer, Schoen and Corkery","shopping_pos","2286","184750.74999999997","80.81835083114609","18","0.79"
"fraud_Bahringer Group","health_fitness","1722","92298.40000000005","53.5995354239257","5","0.29"
"fraud_Quitzon, Green and Bashirian","shopping_pos","2391","198358.58000000005","82.9605102467587","25","1.05"
"fraud_Kozey-Boehm","shopping_net","1866","183312.28999999998","98.23809753483386","48","2.57"
"fraud_Ullrich Ltd","kids_pets","2219","121553.32000000004","54.77842271293377","7","0.32"
"fraud_Kilback Group","food_dining","1854","92853.86000000002","50.08298813376484","5","0.27"
"fraud_Kihn, Brakus and Goyette","personal_care","1798","84473.31000000001","46.98181868743048","2","0.11"
"fraud_Lynch-Wisozk","home","2464","142822.61000000004","57.96372159090911","6","0.24"
"fraud_Armstrong, Walter and Gottlieb","food_dining","1883","98851.01999999999","52.49655868295273","2","0.11"
"fraud_Walter, Hettinger and Kessler","personal_care","1852","88933.04999999999","48.02000539956803","6","0.32"
"fraud_Erdman-Durgan","health_fitness","1707","94230.32","55.20229642647921","3","0.18"
"fraud_Kling, Howe and Schneider","home","2488","146569.31999999998","58.910498392282946","6","0.24"
"fraud_Waelchi-Wolf","kids_pets","2185","128929.70999999999","59.00673226544622","4","0.18"
"fraud_Gibson-Deckow","entertainment","1900","123662.4","65.08547368421053","7","0.37"
"fraud_Zulauf LLC","personal_care","1783","85319.65","47.851738642736954","2","0.11"
"fraud_Hartmann, Rowe and Hermann","travel","850","72020.03","84.72944705882352","1","0.12"
"fraud_Keeling-Crist","misc_pos","1592","99789.39","62.68177763819095","6","0.38"
"fraud_Turner and Sons","shopping_pos","2312","179494.47","77.63601643598616","18","0.78"
"fraud_Marvin-Lind","personal_care","1805","87041.1","48.222216066482","4","0.22"
"fraud_Kautzer and Sons","personal_care","1882","88843.97999999998","47.20721572794898","6","0.32"
"fraud_Larson-Moen","entertainment","1827","116849.73999999998","63.957164750957844","7","0.38"
"fraud_Thiel Ltd","travel","829","78479.94","94.66820265379977","1","0.12"
"fraud_Greenfelder, Bartoletti and Davis","misc_net","1238","102638.55000000003","82.90674474959614","12","0.97"
"fraud_Labadie LLC","personal_care","1813","87805.08999999998","48.4308273579702","3","0.17"
"fraud_Boehm, Block and Jakubowski","misc_pos","1567","91166.68000000005","58.17911933631146","2","0.13"
"fraud_Osinski Inc","personal_care","1821","88866.83","48.80111477210324","0","0.0"
"fraud_Wuckert-Goldner","home","2338","134367.08000000007","57.47094952951244","4","0.17"
"fraud_Feil-Morar","health_fitness","1754","97822.63999999996","55.77117445838082","2","0.11"
"fraud_Roob, Conn and Tremblay","shopping_pos","2324","176771.77000000002","76.06358433734941","12","0.52"
"fraud_Daugherty, Pouros and Beahan","shopping_pos","2297","192507.89999999997","83.80840226382236","10","0.44"
"fraud_Haley, Batz and Auer","health_fitness","1787","97117.11","54.3464521544488","3","0.17"
"fraud_Swift PLC","kids_pets","2286","126684.62000000004","55.41759405074367","6","0.26"
"fraud_Upton PLC","entertainment","1836","120799.24999999994","65.79479847494551","3","0.16"
"fraud_Jaskolski-Vandervort","misc_net","1234","93226.07999999999","75.54787682333873","20","1.62"
"fraud_Schumm, McLaughlin and Carter","food_dining","1772","88895.57999999999","50.16680586907449","1","0.06"
"fraud_Morissette-Schaefer","personal_care","1808","83651.66999999998","46.267516592920344","4","0.22"
"fraud_Tillman LLC","travel","836","113305.71","135.53314593301437","1","0.12"
"fraud_Labadie, Treutel and Bode","shopping_net","1920","176770.84999999998","92.06815104166665","35","1.82"
"fraud_Klocko, Runolfsdottir and Breitenberg","health_fitness","1696","88763.52","52.33698113207547","3","0.18"
"fraud_Gleason and Sons","kids_pets","2240","130464.91999999998","58.24326785714285","3","0.13"
"fraud_Weber and Sons","food_dining","1842","93669.23","50.85191639522258","3","0.16"
"fraud_Gottlieb-Hansen","personal_care","1854","86938.47000000002","46.892378640776705","4","0.22"
"fraud_Wilkinson LLC","personal_care","1755","83536.87000000001","47.59935612535613","5","0.28"
"fraud_Haag-Blanda","food_dining","1841","91532.56","49.71893536121673","4","0.22"
"fraud_Satterfield-Lowe","travel","776","80169.42000000003","103.31110824742271","3","0.39"
"fraud_Kihn, Abernathy and Douglas","shopping_net","1888","170593.96","90.35697033898305","29","1.54"
"fraud_Baumbach, Strosin and Nicolas","shopping_pos","2314","187846.22000000003","81.17814174589456","13","0.56"
"fraud_Stoltenberg-Beatty","shopping_pos","2434","189109.90000000008","77.69511092851278","26","1.07"
"fraud_Johnston-Casper","travel","831","94292.04999999996","113.46817087845963","1","0.12"
"fraud_Torphy-Kertzmann","health_fitness","1672","88170.73999999996","52.733696172248784","1","0.06"
"fraud_Fadel Inc","health_fitness","1761","94742.63","53.80047132311187","1","0.06"
"fraud_Brown-Greenholt","entertainment","1906","124011.33000000002","65.06365687303254","4","0.21"
"fraud_Schaefer, Fay and Hilll","entertainment","1915","117529.93000000001","61.3733315926893","1","0.05"
"fraud_Torphy-Goyette","shopping_pos","2318","193011.96999999997","83.2665962036238","15","0.65"
"fraud_Medhurst, Cartwright and Ebert","personal_care","1750","84718.50000000001","48.41057142857144","5","0.29"
"fraud_Reichel, Bradtke and Blanda","travel","812","105071.05999999998","129.39785714285713","1","0.12"
"fraud_Dickinson-Rempel","misc_pos","1535","103816.6","67.63296416938111","7","0.46"
"fraud_Brown PLC","misc_net","1176","105661.24999999997","89.84800170068024","26","2.21"
"fraud_Veum-Koelpin","travel","802","91456.36999999998","114.03537406483788","2","0.25"
"fraud_Kovacek Ltd","travel","825","72645.51","88.05516363636363","9","1.09"
"fraud_Hagenes, Hermann and Stroman","travel","816","94954.37","116.36564950980392","3","0.37"
"fraud_Maggio-Fahey","misc_pos","1608","99768.93999999997","62.0453606965174","3","0.19"
"fraud_Kutch, Hermiston and Farrell","gas_transport","2613","164748.14000000004","63.04942212016841","9","0.34"
"fraud_Dooley-Thompson","misc_net","1239","98226.94000000002","79.27920903954804","12","0.97"
"fraud_Stroman, Hudson and Erdman","gas_transport","2721","173775.18000000005","63.864454244762975","10","0.37"
"fraud_Huels-Hahn","gas_transport","2678","170432.46000000002","63.641695294996275","10","0.37"
"fraud_Kemmer-Reinger","grocery_net","945","52112.10000000003","55.1450793650794","1","0.11"
"fraud_Swift, Bradtke and Marquardt","grocery_net","898","47120.59","52.47281737193764","7","0.78"
"fraud_Schumm, Bauch and Ondricka","grocery_pos","2512","299115.1400000001","119.07449840764335","37","1.47"
"fraud_Streich, Dietrich and Barton","shopping_net","1949","174682.16999999998","89.62656233966136","34","1.74"
"fraud_Kuphal-Predovic","misc_net","1304","99802.95000000001","76.536004601227","17","1.3"
"fraud_Schaefer, McGlynn and Bosco","gas_transport","2579","164426.11000000007","63.75576192322608","12","0.47"
"fraud_Tillman, Dickinson and Labadie","gas_transport","2645","167632.35000000006","63.37706994328925","14","0.53"
"fraud_Harris, Gusikowski and Heaney","grocery_net","897","47591.86","53.05670011148272","1","0.11"
"fraud_Little, Gutmann and Lynch","shopping_net","1971","161554.27999999997","81.96564180618974","33","1.67"
"fraud_Paucek-Wiza","grocery_net","918","49092.720000000016","53.47790849673204","0","0.0"
"fraud_Rodriguez, Yost and Jenkins","misc_net","1304","101447.09000000001","77.79684815950921","16","1.23"
"fraud_Rippin, Kub and Mann","misc_net","1267","104242.72999999998","82.2752407261247","18","1.42"
"fraud_Harris Inc","gas_transport","2562","162784.79","63.53816939890711","12","0.47"
"fraud_Kutch Group","grocery_net","914","47987.74999999999","52.50300875273522","2","0.22"
"fraud_Koss and Sons","gas_transport","2616","166791.38","63.75817278287462","19","0.73"
"fraud_Wiza, Schaden and Stark","misc_pos","1663","96876.63999999998","58.25414311485267","2","0.12"
"fraud_Jaskolski-Dibbert","grocery_net","895","48239.92999999999","53.899363128491615","4","0.45"
"fraud_Kris-Weimann","misc_net","1228","98610.15999999999","80.3014332247557","18","1.47"
"fraud_Morar Inc","grocery_net","912","49612.91999999999","54.40013157894736","1","0.11"
"fraud_Pouros-Conroy","shopping_pos","2355","185958.57999999996","78.9633036093418","15","0.64"
"fraud_Hackett-Lueilwitz","grocery_pos","2568","300208.13999999984","116.90348130841116","28","1.09"
"fraud_Beier-Hyatt","shopping_pos","2365","177612.03000000003","75.10022410147992","23","0.97"
"fraud_Kerluke Inc","misc_net","1287","112720.56000000001","87.58396270396271","19","1.48"
"fraud_VonRueden Group","grocery_net","923","49796.70000000001","53.95092091007585","5","0.54"
"fraud_Lind, Huel and McClure","gas_transport","2589","165529.12999999995","63.9355465430668","11","0.42"
"fraud_Ferry, Reichel and DuBuque","grocery_net","960","52417.79000000002","54.60186458333336","4","0.42"
"fraud_Wiegand-Lowe","grocery_net","898","48325.11000000001","53.81415367483297","0","0.0"
"fraud_Barton Inc","grocery_pos","2447","282171.19","115.31311401716387","34","1.39"
"fraud_Johns-Hoeger","entertainment","1833","116822.54000000004","63.7329732678669","2","0.11"
"fraud_Simonis-Prohaska","misc_pos","1564","89671.97000000003","57.3350191815857","4","0.26"
"fraud_Funk Group","grocery_net","883","47352.14999999999","53.62644394110984","0","0.0"
"fraud_Parker, Nolan and Trantow","entertainment","1984","120604.96000000005","60.788790322580674","0","0.0"
"fraud_Lind-Buckridge","entertainment","1895","120851.3","63.77377308707124","4","0.21"
"fraud_Adams-Barrows","health_fitness","1746","92216.98000000001","52.81613974799542","1","0.06"
"fraud_Price Inc","shopping_net","1983","209307.20000000013","105.55078164397383","38","1.92"
"fraud_Hills-Boyer","personal_care","1840","89774.51999999999","48.790499999999994","8","0.43"
"fraud_Hoppe, Harris and Bednar","entertainment","1884","121194.81","64.32845541401274","3","0.16"
"fraud_Stiedemann Ltd","food_dining","1853","94940.10999999999","51.23589314624932","2","0.11"
"fraud_Fritsch and Sons","health_fitness","1699","89211.13","52.508022366097705","2","0.12"
"fraud_Homenick LLC","personal_care","1791","89075.5","49.735064209938585","4","0.22"
"fraud_Kulas Group","health_fitness","1734","93061.10999999999","53.66846020761245","2","0.12"
"fraud_Bauch-Blanda","entertainment","1913","122061.46999999997","63.80630946157866","6","0.31"
"fraud_Turcotte, Batz and Buckridge","health_fitness","1644","90094.20999999996","54.80183090024329","2","0.12"
"fraud_Larson, Quitzon and Spencer","travel","821","88900.14999999998","108.28276492082823","0","0.0"
"fraud_Douglas, DuBuque and McKenzie","travel","775","84325.33999999998","108.80689032258063","3","0.39"
"fraud_Kerluke, Considine and Macejkovic","misc_net","1191","94042.95","78.96133501259446","19","1.6"
"fraud_Johnston, Nikolaus and Maggio","grocery_net","903","49170.93999999999","54.45286821705425","5","0.55"
"fraud_Prohaska-Murray","gas_transport","2679","170062.89999999997","63.479992534527796","22","0.82"
"fraud_Doyle Ltd","grocery_pos","2558","300971.37000000005","117.65886239249416","47","1.84"
"fraud_Bednar Group","misc_net","1320","106489.07999999999","80.67354545454545","21","1.59"
"fraud_Huel Ltd","misc_net","1324","98592.55","74.46567220543807","13","0.98"
"fraud_Smitham-Schiller","grocery_net","909","49266.00000000001","54.19801980198021","1","0.11"
"fraud_Ruecker Group","misc_net","1205","94574.5","78.4850622406639","17","1.41"
"fraud_Hodkiewicz, Prohaska and Paucek","travel","787","91198.67000000001","115.88141041931387","0","0.0"
"fraud_Lebsack and Sons","misc_net","1332","109542.58000000002","82.23917417417418","19","1.43"
"fraud_Romaguera and Sons","travel","838","66120.01","78.9021599045346","0","0.0"
"fraud_Kozey-McDermott","travel","806","75484.06","93.65267990074442","3","0.37"
"fraud_Stehr, Jewess and Schimmel","misc_net","1290","94469.76000000001","73.23237209302326","13","1.01"
"fraud_Thiel-Thiel","entertainment","1837","113318.18999999996","61.68654872074031","5","0.27"
"fraud_Reilly LLC","home","2433","141542.64000000007","58.1761775585697","4","0.16"
"fraud_Kutch-Ferry","home","2391","139316.57000000004","58.267072354663334","4","0.17"
"fraud_Graham, Hegmann and Hammes","food_dining","1896","99734.23999999996","52.60244725738394","5","0.26"
"fraud_Morissette PLC","shopping_pos","2394","173702.00999999995","72.55723057644109","11","0.46"
"fraud_Abbott-Rogahn","entertainment","1844","116658.54000000004","63.26385032537963","3","0.16"
"fraud_Kuhn LLC","shopping_pos","3510","282207.15","80.40089743589745","44","1.25"
"fraud_Schoen, Nienow and Bauch","personal_care","1783","87286.64000000003","48.95492989343804","3","0.17"
"fraud_Hintz, Bauch and Smith","health_fitness","1673","89716.72999999998","53.62625821876867","2","0.12"
"fraud_Fisher-Schowalter","shopping_net","1970","175073.48000000004","88.86978680203048","36","1.83"
"fraud_Douglas-White","entertainment","1917","121976.60000000005","63.62889932185709","6","0.31"
"fraud_Lemke and Sons","travel","795","80717.74999999997","101.53176100628927","3","0.38"
"fraud_Kerluke-Abshire","shopping_net","1838","180189.07","98.03540261153428","41","2.23"
"fraud_Leannon-Nikolaus","travel","819","97174.02999999997","118.64960927960924","2","0.24"
"fraud_Kihn-Fritsch","food_dining","1864","96679.91","51.86690450643777","1","0.05"
"fraud_Auer LLC","personal_care","1836","85313.07","46.4668137254902","4","0.22"
"fraud_Hammes-Beatty","kids_pets","2194","123003.07000000004","56.063386508659995","8","0.36"
"fraud_Kuhic, Bins and Pfeffer","shopping_net","2003","186828.80999999994","93.27449326010981","39","1.95"
"fraud_Brown Inc","kids_pets","2211","128292.82","58.02479421076436","6","0.27"
"fraud_Gutmann-Upton","misc_pos","1554","90891.83000000003","58.488951093951115","3","0.19"
"fraud_Lesch, D'Amore and Brown","food_dining","1849","89293.99","48.293126014061656","1","0.05"
"fraud_Ferry, Lynch and Kautzer","misc_net","1302","106902.03999999998","82.10602150537633","16","1.23"
"fraud_Hamill-D'Amore","health_fitness","1727","94322.17999999996","54.61620150550085","2","0.12"
"fraud_Beier LLC","entertainment","1889","119743.45999999996","63.38986765484381","3","0.16"
"fraud_Beer-Jast","kids_pets","2266","131303.08000000002","57.94487202118271","5","0.22"
"fraud_Hermiston, Pacocha and Smith","health_fitness","1630","86713.36000000002","53.19838036809817","3","0.18"
"fraud_Lubowitz-Walter","kids_pets","2263","127530.48999999998","56.35461334511709","1","0.04"
"fraud_Altenwerth-Kilback","home","2503","146256.11","58.4323252097483","8","0.32"
"fraud_Schamberger-O'Keefe","grocery_pos","2485","290463.31","116.88664386317907","30","1.21"
"fraud_O'Connell-Ullrich","home","2404","140118.46000000005","58.28554908485859","5","0.21"
"fraud_Medhurst Inc","home","2556","145159.92999999993","56.79183489827854","3","0.12"
"fraud_Waelchi Inc","kids_pets","2274","132166.61000000004","58.1207607739666","7","0.31"
"fraud_Langworth, Boehm and Gulgowski","shopping_net","1969","173793.0499999999","88.264626714068","39","1.98"
"fraud_Denesik and Sons","shopping_pos","2276","172498.09000000008","75.7900219683656","20","0.88"
"fraud_Bernier and Sons","kids_pets","2352","131738.32","56.01119047619048","2","0.09"
"fraud_Ritchie, Oberbrunner and Cremin","travel","830","97813.80000000002","117.84795180722894","4","0.48"
"fraud_Mosciski Group","travel","822","100469.23000000001","122.22534063260342","3","0.36"
"fraud_Yost, Schamberger and Windler","kids_pets","2358","138594.31999999998","58.77621713316369","6","0.25"
"fraud_Kutch, Steuber and Gerhold","food_dining","1827","96321.24999999994","52.72099069512859","6","0.33"
"fraud_Moore, Williamson and Emmerich","home","2456","142944.30000000005","58.202076547231286","8","0.33"
"fraud_Berge-Ullrich","home","2438","143638.04999999996","58.9163453650533","5","0.21"
"fraud_Deckow-Dare","food_dining","1805","91603.06999999998","50.74962326869805","1","0.06"
"fraud_Block-Hauck","travel","864","70287.11","81.35082175925926","3","0.35"
"fraud_Streich Ltd","home","2404","140292.82","58.35807820299501","6","0.25"
"fraud_Dooley Inc","shopping_pos","2300","170592.44","74.17062608695652","21","0.91"
"fraud_McKenzie-Huels","food_dining","1846","94140.41","50.99697183098592","0","0.0"
"fraud_Ernser-Lynch","food_dining","1836","94697.37999999998","51.578093681917196","3","0.16"
"fraud_Weimann, Kuhic and Beahan","shopping_pos","2380","191862.28999999998","80.6144075630252","17","0.71"
"fraud_Kub PLC","personal_care","1802","85007.26000000002","47.17384017758048","4","0.22"
"fraud_Macejkovic-Lesch","shopping_pos","2369","184056.86999999994","77.69390882228785","19","0.8"
"fraud_Waters-Cruickshank","health_fitness","1800","99691.89999999997","55.38438888888887","3","0.17"
"fraud_Douglas, Schneider and Turner","shopping_pos","2260","191101.08000000002","84.558","22","0.97"
"fraud_Jacobi Inc","health_fitness","1665","92186.79999999997","55.36744744744743","5","0.3"
"fraud_Bins-Tillman","entertainment","1954","123896.83","63.406770726714434","1","0.05"
"fraud_Little Ltd","kids_pets","2361","131080.81999999995","55.51919525624733","4","0.17"
"fraud_Eichmann-Kilback","home","2554","152253.06999999995","59.613574784651505","1","0.04"
"fraud_Wintheiser, Dietrich and Schimmel","misc_pos","1629","112563.32999999999","69.09965009208102","6","0.37"
"fraud_Powlowski-Weimann","food_dining","1799","95523.26000000001","53.097976653696506","5","0.28"
"fraud_Howe Ltd","misc_pos","1620","102518.67000000001","63.283129629629634","2","0.12"
"fraud_Zboncak, Rowe and Murazik","shopping_net","2017","191444.57999999996","94.91550818046602","31","1.54"
"fraud_Ernser-Feest","home","2452","146042.77000000002","59.56067292006526","5","0.2"
"fraud_Fahey Inc","kids_pets","2239","133693.65000000005","59.711322018758395","9","0.4"
"fraud_Kihn Inc","shopping_pos","2396","179897.51999999993","75.0824373956594","15","0.63"
"fraud_Greenholt, O'Hara and Balistreri","shopping_net","1935","171273.84999999992","88.51361757105938","36","1.86"
"fraud_Boyer-Haley","travel","788","130534.94","165.6534771573604","4","0.51"
"fraud_Streich, Rolfson and Wilderman","kids_pets","2280","129478.64000000003","56.78887719298247","6","0.26"
"fraud_Kilback LLC","grocery_pos","4403","391078.15000000014","88.82083806495574","47","1.07"
"fraud_Nienow, Barrows and Romaguera","personal_care","1860","87424.68000000002","47.00251612903227","4","0.22"
"fraud_Shields-Wunsch","health_fitness","1716","92644.0","53.98834498834499","3","0.17"
"fraud_Goldner-Lemke","entertainment","1829","114490.51999999995","62.59733187534169","5","0.27"
"fraud_Rau-Robel","kids_pets","2249","129724.26999999997","57.68086705202311","3","0.13"
"fraud_Ruecker, Beer and Collier","shopping_net","1937","177310.64000000004","91.53879194630875","23","1.19"
"fraud_Spencer PLC","entertainment","1888","121813.78999999994","64.52001588983047","7","0.37"
"fraud_Kutch-Wilderman","home","2501","142890.45000000004","57.133326669332284","4","0.16"
"fraud_Heaney-Marquardt","entertainment","1859","117781.87999999998","63.357654653039255","2","0.11"
"fraud_Ledner, Hartmann and Feest","health_fitness","1706","90023.63999999998","52.76883939038686","5","0.29"
"fraud_Bernhard-Lesch","food_dining","1827","92225.26000000001","50.47906951286262","4","0.22"
"fraud_Gottlieb, Considine and Schultz","shopping_net","2001","184567.98999999996","92.23787606196899","35","1.75"
"fraud_Effertz, Welch and Schowalter","entertainment","1852","113640.75000000003","61.36109611231103","4","0.22"
"fraud_Dibbert-Green","entertainment","1876","120048.53000000001","63.99175373134329","6","0.32"
"fraud_Torp, Muller and Borer","health_fitness","1726","96149.27000000003","55.70641367323293","3","0.17"
"fraud_Kuhic LLC","shopping_net","1985","176392.4700000001","88.86270528967259","39","1.96"
"fraud_Schroeder, Wolff and Hermiston","travel","825","79102.21000000002","95.8814666666667","0","0.0"
"fraud_Padberg-Rogahn","entertainment","1902","123396.42","64.87719242902209","4","0.21"
"fraud_Eichmann, Hayes and Treutel","travel","833","122727.72000000002","147.33219687875152","4","0.48"
"fraud_Jast Ltd","shopping_net","1953","176525.38","90.38677931387609","42","2.15"
"fraud_Cormier, Stracke and Thiel","entertainment","1875","117872.85","62.865520000000004","5","0.27"
"fraud_Reilly and Sons","health_fitness","1682","89726.91","53.34536860879905","4","0.24"
"fraud_Hickle Group","shopping_pos","2416","175881.75000000006","72.79873758278148","13","0.54"
"fraud_Stamm-Witting","shopping_net","1877","164805.38999999998","87.80255194459242","32","1.7"
"fraud_McDermott, Osinski and Morar","home","2495","146301.84000000008","58.63801202404813","4","0.16"
"fraud_Lemke-Gutmann","shopping_net","1953","193142.56000000003","98.89532002048132","32","1.64"
"fraud_Schmeler-Howe","personal_care","1805","84334.27000000002","46.72258725761774","4","0.22"
"fraud_Kub-Heaney","health_fitness","1733","91827.56000000003","52.98762839007503","1","0.06"
"fraud_Monahan, Bogisich and Ledner","misc_pos","1535","92177.51000000001","60.05049511400652","5","0.33"
"fraud_Lubowitz, Terry and Stracke","personal_care","1786","85702.48999999999","47.985716685330345","2","0.11"
"fraud_Hirthe-Beier","health_fitness","1807","98373.00000000003","54.439955727725525","5","0.28"
"fraud_Lehner, Reichert and Mills","misc_pos","1569","95214.89000000001","60.68507966857872","4","0.25"
"fraud_Zemlak, Tillman and Cremin","personal_care","1804","89860.05000000002","49.811557649667414","2","0.11"
"fraud_Carroll PLC","health_fitness","1706","93048.82000000002","54.54209847596719","2","0.12"
"fraud_Parker-Kunde","personal_care","1828","83810.28999999998","45.84807986870896","6","0.33"
"fraud_Runte, Green and Emard","health_fitness","1667","91473.90999999999","54.873371325734844","6","0.36"
"fraud_Fisher Inc","shopping_net","2041","169101.09000000003","82.85207741303284","35","1.71"
"fraud_Gerlach Inc","shopping_net","1948","175678.24000000005","90.18390143737169","30","1.54"
"fraud_Reynolds-Schinner","misc_pos","1553","95029.49000000002","61.190914359304585","7","0.45"
"fraud_Torp-Labadie","gas_transport","2642","168419.17999999993","63.746850870552585","10","0.38"
"fraud_Conroy-Cruickshank","gas_transport","2603","165377.92999999996","63.533588167499026","15","0.58"
"fraud_Heidenreich PLC","grocery_pos","2434","286950.85000000015","117.89270747740352","31","1.27"
"fraud_Collier Inc","grocery_net","921","49559.52","53.81055374592834","4","0.43"
"fraud_Torp-Lemke","misc_pos","1610","93696.67","58.19668944099379","4","0.25"
"fraud_Sporer Inc","gas_transport","2593","165937.16999999998","63.99428075588121","5","0.19"
"fraud_Turner, Ruecker and Parisian","misc_pos","1529","94994.13999999998","62.12827992151732","7","0.46"
"fraud_Lockman Ltd","grocery_pos","2492","288907.8099999999","115.93411316211873","36","1.44"
"fraud_Mraz-Herzog","gas_transport","2646","167042.18000000002","63.13007558578988","10","0.38"
"fraud_Reilly, Heaney and Cole","gas_transport","2551","160512.44999999998","62.92138377107016","14","0.55"
"fraud_Bailey-Morar","grocery_pos","2430","284945.4600000001","117.26150617283953","39","1.6"
"fraud_Hamill-Daugherty","misc_net","1251","103591.64999999997","82.80707434052755","14","1.12"
"fraud_Raynor, Feest and Miller","gas_transport","2521","160219.88000000003","63.55409758032528","8","0.32"
"fraud_Bernier, Streich and Jewess","grocery_net","963","51156.420000000006","53.12193146417446","4","0.42"
"fraud_Ankunding LLC","shopping_net","1923","161560.87000000002","84.01501300052003","30","1.56"
"fraud_Lehner, Mosciski and King","misc_net","1307","108684.18999999997","83.15546289211933","14","1.07"
"fraud_Haley Group","misc_pos","1629","109596.48000000001","67.27837937384899","7","0.43"
"fraud_Dach-Nader","misc_net","1258","99323.63999999997","78.95360890302065","10","0.79"
"fraud_Dickinson Ltd","misc_pos","3434","192584.78999999998","56.08176761793826","8","0.23"
"fraud_Morissette, Weber and Wiegand","grocery_net","963","53169.45999999999","55.21231568016614","3","0.31"
"fraud_Kerluke PLC","misc_net","1222","97031.12","79.40353518821604","16","1.31"
"fraud_Baumbach, Hodkiewicz and Walsh","shopping_pos","2365","183266.19","77.49098942917547","18","0.76"
"fraud_Herman, Treutel and Dickens","misc_net","1300","113180.42999999996","87.0618692307692","33","2.54"
"fraud_Bradtke PLC","grocery_pos","2552","302481.25000000006","118.52713557993732","37","1.45"
"fraud_Harber Inc","gas_transport","2515","159393.63999999998","63.37719284294234","11","0.44"
"fraud_Friesen-D'Amore","gas_transport","2507","159780.83000000007","63.733877143996835","8","0.32"
"fraud_Eichmann, Bogan and Rodriguez","gas_transport","2658","167568.02999999994","63.04290067720088","17","0.64"
"fraud_Gislason Group","misc_pos","2503","189390.11000000002","75.66524570515382","12","0.48"
"fraud_Casper, Hand and Zulauf","grocery_pos","2514","291560.66","115.97480509148765","32","1.27"
"fraud_O'Keefe-Hudson","grocery_pos","2439","282421.9099999999","115.79414104141038","32","1.31"
"fraud_Adams, Kovacek and Kuhlman","grocery_net","940","50218.770000000004","53.42422340425532","4","0.43"
"fraud_Kutch and Sons","grocery_pos","2472","288277.9199999999","116.61728155339803","26","1.05"
"fraud_Emard Inc","gas_transport","2641","168342.49","63.74195001893222","11","0.42"
"fraud_Barrows PLC","shopping_pos","2268","172446.59","76.03465167548501","20","0.88"
"fraud_Goodwin-Nitzsche","grocery_pos","2542","298083.3100000002","117.26330055074752","32","1.26"
"fraud_Herman Inc","misc_pos","1583","103029.16","65.08475047378396","6","0.38"
"fraud_Cartwright-Harris","grocery_pos","2410","281676.33999999997","116.87814937759335","28","1.16"
"fraud_Vandervort-Funk","grocery_pos","2474","292542.99000000005","118.24696443007278","47","1.9"
"fraud_Donnelly PLC","misc_net","1299","110736.05999999998","85.24715935334872","21","1.62"
"fraud_Rutherford, Homenick and Bergstrom","grocery_net","906","48892.85000000001","53.96561810154527","3","0.33"
"fraud_Tromp, Kerluke and Glover","grocery_net","940","49833.38000000001","53.014234042553205","2","0.21"
"fraud_DuBuque LLC","grocery_pos","2491","292788.1","117.53837816138096","30","1.2"
"fraud_Nader-Heller","misc_net","1226","101302.39999999997","82.62838499184336","20","1.63"
"fraud_Daugherty LLC","kids_pets","2230","128671.84999999999","57.70038116591928","8","0.36"
"fraud_Terry Ltd","home","2571","146318.69999999998","56.91120186697782","5","0.19"
"fraud_Dare-Gibson","health_fitness","1683","91673.01000000001","54.470000000000006","3","0.18"
"fraud_Connelly-Carter","home","2523","148180.18999999997","58.731743955608394","3","0.12"
"fraud_Romaguera, Cruickshank and Greenholt","shopping_net","1939","161214.89","83.14331614234142","33","1.7"
"fraud_Runte-Mohr","food_dining","1826","90758.37","49.70337897042716","5","0.27"
"fraud_Schmitt Ltd","misc_net","1256","103781.67000000004","82.62871815286627","20","1.59"
"fraud_Corwin-Romaguera","travel","875","77402.25","88.45971428571428","2","0.23"
"fraud_Zemlak Group","misc_net","1297","106889.00999999998","82.41249807247493","17","1.31"
"fraud_Miller-Hauck","grocery_pos","2463","285564.18000000005","115.94160779537152","32","1.3"
"fraud_Durgan-Auer","misc_net","1283","104499.29","81.44917381137958","24","1.87"
"fraud_Koelpin and Sons","misc_net","1259","98417.36999999997","78.17106433677519","20","1.59"
"fraud_Kunde-Sanford","misc_net","1231","100672.87999999999","81.78138099106417","18","1.46"
"fraud_Cummings Group","grocery_net","880","46802.62000000001","53.184795454545466","2","0.23"
"fraud_Rau and Sons","grocery_pos","2490","298354.77","119.82119277108434","49","1.97"
"fraud_Osinski, Ledner and Leuschke","grocery_pos","2507","294237.27999999985","117.36628639808531","35","1.4"
"fraud_Huel-Langworth","misc_net","1317","97744.52999999998","74.217562642369","16","1.21"
"fraud_Bins-Howell","personal_care","1854","87692.05999999998","47.298845738942816","7","0.38"
"fraud_Ankunding-Carroll","travel","821","90833.27000000003","110.63735688185145","4","0.49"
"fraud_Hills-Olson","grocery_net","880","46877.619999999995","53.270022727272725","1","0.11"
"fraud_Mueller, Gerhold and Mueller","health_fitness","1828","98476.79000000002","53.87132932166303","2","0.11"
"fraud_Hermann-Gaylord","misc_pos","1628","106347.88","65.32425061425062","8","0.49"
"fraud_Abernathy and Sons","food_dining","1751","90580.22000000003","51.73056539120504","4","0.23"
"fraud_Bahringer-Streich","food_dining","1812","92603.00000000004","51.10540838852099","5","0.28"
"fraud_Champlin, Rolfson and Connelly","travel","800","124849.98999999996","156.06248749999995","5","0.63"
"fraud_Fadel-Hilpert","health_fitness","1677","91376.95","54.48834227787716","1","0.06"
"fraud_Nolan-Williamson","kids_pets","2192","129131.85000000003","58.91051551094892","4","0.18"
"fraud_Kris-Kertzmann","travel","804","83156.96000000002","103.42905472636818","2","0.25"
"fraud_Balistreri-Nader","misc_pos","1540","94464.46000000002","61.34055844155846","8","0.52"
"fraud_Lowe, Dietrich and Erdman","kids_pets","2245","130680.14999999998","58.20942093541202","4","0.18"
"fraud_Romaguera, Wehner and Tromp","kids_pets","2331","133362.60999999996","57.21261690261689","8","0.34"
"fraud_Crist, Jakubowski and Littel","home","2449","140913.77999999997","57.539314005716605","2","0.08"
"fraud_Schmidt-Larkin","home","2381","135697.30000000005","56.99172616547671","1","0.04"
"fraud_Welch, Rath and Koepp","entertainment","1846","119130.84999999998","64.5345882990249","4","0.22"
"fraud_Erdman-Ebert","personal_care","1863","92169.07999999999","49.47347289318303","5","0.27"
"fraud_Dare, Casper and Bartoletti","kids_pets","2194","122915.73000000001","56.023577939835924","5","0.23"
"fraud_Wilkinson PLC","kids_pets","2172","123950.62000000007","57.0675046040516","3","0.14"
"fraud_Rippin-VonRueden","health_fitness","1755","96382.27999999997","54.91867806267805","1","0.06"
"fraud_McGlynn-Jaskolski","misc_pos","1584","96546.33000000002","60.95096590909092","2","0.13"
"fraud_Mayert Group","shopping_pos","2351","192452.88","81.86000850701829","17","0.72"
"fraud_Metz-Boehm","shopping_pos","2354","186889.76000000007","79.39242141036536","13","0.55"
"fraud_Hagenes, Kohler and Hoppe","food_dining","1805","90400.08999999998","50.08315235457063","1","0.06"
"fraud_Weber, Thiel and Hammes","kids_pets","2238","127066.32000000007","56.77672922252014","3","0.13"
"fraud_Bartoletti and Sons","personal_care","1820","91805.75999999998","50.44272527472526","5","0.27"
"fraud_Becker, Harris and Harvey","personal_care","1882","89606.54999999999","47.61240701381509","2","0.11"
"fraud_Jakubowski Inc","home","2445","144993.32","59.30197137014315","4","0.16"
"fraud_Cormier LLC","shopping_net","3649","265129.92000000004","72.65824061386682","48","1.32"
"fraud_Gutmann, McLaughlin and Wiza","home","2491","145831.56","58.54338016860699","3","0.12"
"fraud_Wuckert, Wintheiser and Friesen","home","2466","140872.03","57.12572181670722","5","0.2"
"fraud_Shanahan-Lehner","personal_care","1803","86357.22","47.89640599001664","5","0.28"
"fraud_Hettinger, McCullough and Fay","home","2410","141338.34000000005","58.64661410788384","4","0.17"
"fraud_Cole, Hills and Jewess","home","2426","145464.81000000006","59.96076257213522","3","0.12"
"fraud_Friesen-Ortiz","personal_care","1756","84458.20999999998","48.09693052391798","4","0.23"
"fraud_McGlynn-Heathcote","misc_net","1280","107937.89000000001","84.3264765625","22","1.72"
"fraud_Conroy, Balistreri and Gorczany","health_fitness","1739","96519.84000000003","55.503070730304785","4","0.23"
"fraud_Watsica, Haag and Considine","shopping_pos","2331","203674.77000000002","87.37656370656372","18","0.77"
"fraud_Schiller, Blanda and Johnson","home","2519","146464.18","58.14377927749106","4","0.16"
"fraud_Kris-Padberg","shopping_pos","2309","194722.28999999998","84.33187093980077","12","0.52"
"fraud_Jast-McDermott","shopping_pos","2274","179861.72","79.09486367634125","16","0.7"
"fraud_Cartwright PLC","kids_pets","2282","132687.58","58.145302366345305","3","0.13"
"fraud_Baumbach, Feeney and Morar","shopping_net","1929","162147.5","84.05780196993261","38","1.97"
"fraud_Bashirian Group","shopping_net","1930","174705.42999999996","90.52094818652849","28","1.45"
"fraud_Schoen-Quigley","kids_pets","2208","133300.00999999998","60.3713813405797","5","0.23"
"fraud_Hermann and Sons","shopping_pos","2357","190406.23","80.7832965634281","21","0.89"
"fraud_O'Reilly, Mohr and Purdy","home","2563","150374.45000000004","58.67126414358176","2","0.08"
"fraud_Haley, Jewess and Bechtelar","shopping_pos","2328","203936.19","87.60145618556702","20","0.86"
"fraud_Heathcote, Yost and Kertzmann","shopping_net","1956","141804.10000000003","72.49698364008182","34","1.74"
"fraud_Nienow, Ankunding and Collier","misc_pos","1588","97760.27","61.561882871536525","3","0.19"
"fraud_Kessler Group","travel","801","75765.58000000002","94.58873907615482","3","0.37"
"fraud_Romaguera Ltd","health_fitness","1716","89474.26","52.14117715617715","2","0.12"
"fraud_Schimmel-Olson","kids_pets","2198","125381.61000000004","57.04349863512286","6","0.27"
"fraud_Nitzsche, Kessler and Wolff","shopping_pos","2339","179162.19999999995","76.59777682770412","20","0.86"
"fraud_Volkman PLC","food_dining","1881","94526.93","50.253551302498664","2","0.11"
"fraud_Botsford and Sons","home","2477","144648.59","58.396685506661285","5","0.2"
"fraud_Roberts, Daniel and Macejkovic","kids_pets","2199","127416.61000000007","57.94297862664851","4","0.18"
"fraud_Conroy Ltd","shopping_pos","2337","190263.81","81.4136970474968","21","0.9"
"fraud_Renner Ltd","home","2495","148162.36000000004","59.38371142284571","6","0.24"
"fraud_Connelly PLC","food_dining","1821","92181.07000000002","50.62112575507964","1","0.05"
"fraud_Hills-Witting","shopping_net","2016","157277.39000000007","78.01457837301591","26","1.29"
"fraud_Watsica LLC","personal_care","1823","85213.71999999997","46.7436752605595","6","0.33"
"fraud_Mohr Inc","shopping_pos","2362","197127.14999999994","83.45772650296357","19","0.8"
"fraud_Dare-Marvin","entertainment","1858","119623.92999999996","64.38317007534982","7","0.38"
"fraud_White and Sons","home","2506","145071.80999999997","57.88978850758179","4","0.16"
"fraud_Mante, Luettgen and Hackett","health_fitness","1701","93280.70000000006","54.83874191651973","1","0.06"
"fraud_O'Connell, Botsford and Hand","home","2519","145243.51","57.65919412465264","5","0.2"
"fraud_Bednar PLC","kids_pets","2201","126899.39000000003","57.6553339391186","3","0.14"
"fraud_Brown, Homenick and Lesch","health_fitness","1768","95876.8","54.2289592760181","2","0.11"
"fraud_Prosacco LLC","personal_care","1835","90809.61999999998","49.48753133514985","5","0.27"
"fraud_Hermiston, Russel and Price","food_dining","1973","100572.09999999998","50.97420172326405","2","0.1"
"fraud_Hyatt, Russel and Gleichner","health_fitness","1789","96327.12999999999","53.84411961989938","2","0.11"
"fraud_Feil, Hilpert and Koss","food_dining","1829","93952.70999999999","51.368348824494255","5","0.27"
"fraud_Ritchie, Bradtke and Stiedemann","travel","786","83583.5","106.34033078880407","0","0.0"
"fraud_Schneider, Hayes and Nikolaus","food_dining","1827","93076.97000000002","50.945249042145605","5","0.27"
"fraud_Conroy-Emard","food_dining","1778","92154.19999999998","51.830258717660286","2","0.11"
"fraud_Stark-Batz","entertainment","1866","120773.72999999995","64.7233279742765","7","0.38"
"fraud_Leannon-Ward","food_dining","1836","95779.12","52.16727668845316","2","0.11"
"fraud_Klein Group","entertainment","1828","122318.42999999992","66.91380196936538","3","0.16"
"fraud_Towne LLC","misc_pos","1524","102419.26999999999","67.20424540682414","4","0.26"
"fraud_Jakubowski Group","food_dining","1825","91610.99000000002","50.197802739726036","2","0.11"
"fraud_Reinger, Weissnat and Strosin","food_dining","1910","98393.01999999996","51.51467015706804","4","0.21"
"fraud_Johns Inc","entertainment","1901","118317.55","62.239637033140454","3","0.16"
"fraud_Gerhold LLC","home","2421","140240.37000000005","57.9266294919455","2","0.08"
"fraud_Lynch-Mohr","travel","821","92645.58000000002","112.84479902557858","1","0.12"
"fraud_Tromp Group","travel","785","85428.59000000001","108.82622929936308","6","0.76"
"fraud_Gottlieb Group","kids_pets","2262","129812.71999999996","57.3884703801945","5","0.22"
"fraud_Zboncak Ltd","food_dining","1870","96155.38","51.41998930481284","3","0.16"
"fraud_Harris Group","food_dining","1835","95948.93999999999","52.2882506811989","5","0.27"
"fraud_Nicolas, Hills and McGlynn","entertainment","1984","128773.46999999996","64.9059828629032","10","0.5"
"fraud_Stanton, Jakubowski and Baumbach","shopping_net","1986","182149.27000000005","91.71665156092651","36","1.81"
"fraud_Champlin-Casper","home","2499","146905.59","58.78575030012005","3","0.12"
"fraud_Pagac LLC","shopping_pos","2325","195563.84000000005","84.11347956989249","16","0.69"
"fraud_Hills, Hegmann and Schaefer","health_fitness","1746","93923.59","53.79357961053837","3","0.17"
"fraud_Breitenberg LLC","travel","800","79717.41000000002","99.64676250000002","3","0.38"
"fraud_Thiel PLC","misc_pos","1559","101525.08999999997","65.12193072482359","8","0.51"
"fraud_Kilback, Nitzsche and Leffler","travel","805","81063.90000000002","100.70049689440997","2","0.25"
"fraud_Schaefer Ltd","kids_pets","2280","130128.56000000003","57.07392982456142","6","0.26"
"fraud_Schuppe LLC","entertainment","1907","117782.57999999999","61.763282642894595","7","0.37"
"fraud_Monahan-Morar","personal_care","1800","87921.94000000003","48.84552222222224","3","0.17"
"fraud_Bradtke, Torp and Bahringer","personal_care","1857","85381.58","45.97823371028541","7","0.38"
"fraud_Berge, Kautzer and Harris","personal_care","1808","87961.29000000004","48.651155973451345","3","0.17"
"fraud_Mante Group","misc_net","1223","96101.51","78.5785036794767","18","1.47"
"fraud_Schmeler Inc","misc_pos","1598","99648.83000000003","62.35846683354195","4","0.25"
"fraud_Abshire PLC","entertainment","1895","127133.25000000001","67.08878627968339","9","0.47"
"fraud_Schmeler, Bashirian and Price","shopping_net","1968","190341.79999999996","96.71839430894308","41","2.08"
"fraud_Tillman, Fritsch and Schmitt","misc_net","1307","111858.0","85.58377964804896","25","1.91"
"fraud_Kiehn Inc","grocery_pos","2452","284850.48000000016","116.1706688417619","34","1.39"
"fraud_Connelly, Reichert and Fritsch","gas_transport","2684","171055.27000000002","63.73147168405366","12","0.45"
"fraud_Friesen-Stamm","gas_transport","2680","168896.9","63.02123134328358","14","0.52"
"fraud_Ortiz Group","grocery_net","897","46451.33","51.785206243032334","1","0.11"
"fraud_Parisian and Sons","gas_transport","2637","166571.81","63.167163443306784","17","0.64"
"fraud_Heller, Gutmann and Zieme","grocery_pos","2503","288960.6900000001","115.44574111066724","27","1.08"
"fraud_Pfeffer LLC","grocery_net","866","46484.860000000015","53.67766743648963","3","0.35"
"fraud_Murray Ltd","grocery_net","935","48705.189999999995","52.09111229946524","3","0.32"
"fraud_Rodriguez Group","gas_transport","2716","172454.43000000005","63.49574005891018","11","0.41"
"fraud_Shields Inc","grocery_net","923","48695.3","52.75763813651138","5","0.54"
"fraud_Berge LLC","gas_transport","2677","171056.22999999998","63.898479641389606","9","0.34"
"fraud_Heathcote LLC","shopping_net","1976","177372.78999999998","89.76355769230769","32","1.62"
"fraud_Bauch-Raynor","grocery_pos","2513","295721.19999999984","117.67656187823312","33","1.31"
"fraud_Smith-Stokes","misc_pos","1647","105935.31999999999","64.32017000607163","7","0.43"
"fraud_Kuvalis Ltd","gas_transport","2643","166769.6600000001","63.09862277714721","13","0.49"
"fraud_Williamson LLC","misc_pos","1639","105871.65999999996","64.59527760829772","3","0.18"
"fraud_Schmitt Inc","gas_transport","2651","167839.09","63.31161448509996","16","0.6"
"fraud_Kiehn-Emmerich","grocery_pos","2497","291123.14","116.58916299559472","41","1.64"
"fraud_Rowe, Batz and Goodwin","grocery_pos","2436","284811.66","116.91775862068964","27","1.11"
"fraud_Mosciski, Gislason and Mertz","grocery_pos","2457","292869.63999999996","119.19806267806266","36","1.47"
"fraud_Stokes, Christiansen and Sipes","grocery_net","911","49136.03999999999","53.93637760702524","1","0.11"
"fraud_Block-Parisian","misc_net","1305","113533.06000000001","86.99851340996169","19","1.46"
"fraud_Luettgen PLC","gas_transport","2630","166657.28","63.367787072243345","12","0.46"
"fraud_Wolf Inc","grocery_pos","2394","277699.77","115.99823308270678","32","1.34"
"fraud_Friesen Inc","shopping_pos","2322","175674.72999999998","75.65664513350559","7","0.3"
"fraud_Kovacek, Dibbert and Ondricka","grocery_pos","2471","288300.8100000002","116.67373937677061","24","0.97"
"fraud_Kutch LLC","gas_transport","2734","173505.26","63.46205559619605","15","0.55"
"fraud_Padberg-Welch","grocery_pos","2424","279775.98","115.41913366336632","44","1.82"
"fraud_Erdman-Kertzmann","gas_transport","2705","171258.84","63.311955637707946","14","0.52"
"fraud_Christiansen-Gusikowski","misc_pos","1650","103554.16999999993","62.760103030302986","7","0.42"
"fraud_Welch Inc","misc_net","1265","99554.88999999998","78.69951778656126","22","1.74"
"fraud_Smitham-Boehm","grocery_net","899","48483.44000000001","53.930411568409355","3","0.33"
"fraud_Koepp-Witting","grocery_pos","2437","284969.0300000001","116.93435781698814","42","1.72"
"fraud_Kohler, Lindgren and Koelpin","grocery_net","834","44704.409999999996","53.602410071942444","1","0.12"
"fraud_McDermott-Weimann","grocery_pos","2524","295131.49","116.93006735340728","41","1.62"
"fraud_Murray-Smitham","grocery_pos","2510","296982.73000000004","118.319812749004","40","1.59"
"fraud_Herzog Ltd","misc_pos","1659","112017.52000000003","67.52110910186862","3","0.18"
"fraud_Cassin-Harvey","grocery_net","881","48778.579999999994","55.367287173666284","3","0.34"
"fraud_Goyette Inc","shopping_net","1943","182472.25000000003","93.91263510036028","42","2.16"
"fraud_Kemmer-Buckridge","misc_pos","1603","107650.25000000001","67.15548970679976","6","0.37"
"fraud_Lynch Ltd","shopping_pos","2309","183478.17000000007","79.46217843222178","18","0.78"
"fraud_Morissette LLC","entertainment","1896","124749.84","65.79632911392405","4","0.21"
"fraud_Mosciski, Ziemann and Farrell","shopping_net","1951","169616.59999999995","86.93828805740642","35","1.79"
"fraud_Parisian, Schiller and Altenwerth","misc_net","1288","100864.98","78.31131987577639","21","1.63"
"fraud_Larkin, Stracke and Greenfelder","entertainment","1836","117786.08","64.15363834422658","4","0.22"
"fraud_Boehm, Predovic and Reinger","misc_pos","1554","104508.70999999999","67.25142213642214","7","0.45"
"fraud_Roberts-Beahan","misc_pos","1571","93637.21000000005","59.603570973902","3","0.19"
"fraud_Swaniawski, Nitzsche and Welch","health_fitness","1716","95722.93000000002","55.782593240093256","2","0.12"
"fraud_Schuppe, Nolan and Hoeger","shopping_pos","2414","178795.22000000003","74.06595691797847","17","0.7"
"fraud_Schroeder, Hauck and Treutel","entertainment","1832","117134.17999999998","63.93787117903929","5","0.27"
"fraud_Mohr-Bayer","shopping_net","1992","162207.22","81.42932730923695","33","1.66"
"fraud_McCullough LLC","misc_pos","1607","95521.17","59.440678282514","2","0.12"
"fraud_Graham and Sons","health_fitness","1693","92474.31","54.62156526875369","2","0.12"
"fraud_Schulist Ltd","food_dining","1844","94143.22","51.053806941431674","2","0.11"
"fraud_Jerde-Hermann","travel","800","79984.08","99.98010000000001","1","0.13"
"fraud_Fritsch LLC","travel","846","100452.35000000003","118.73800236406623","3","0.35"
"fraud_Treutel-King","travel","775","67909.84999999999","87.6256129032258","2","0.26"
"fraud_Kunze, Larkin and Mayert","travel","807","114152.83999999998","141.45333333333332","2","0.25"
"fraud_Dietrich-Fadel","health_fitness","1744","93982.35","53.888962155963306","1","0.06"
"fraud_Rempel Inc","shopping_net","1934","179617.64999999997","92.87365563598757","34","1.76"
"fraud_McLaughlin, Armstrong and Koepp","travel","843","82444.42999999996","97.79884934756817","2","0.24"
"fraud_Abbott-Steuber","personal_care","1763","88827.0","50.3840045377198","6","0.34"
"fraud_Hayes, Marquardt and Dibbert","misc_net","1246","99629.46","79.9594382022472","18","1.44"
"fraud_Ziemann-Waters","health_fitness","1695","93921.98999999999","55.411203539823006","6","0.35"
"fraud_Halvorson Group","misc_pos","1597","94730.07","59.317514088916724","6","0.38"
"fraud_Medhurst PLC","shopping_net","1974","169176.31999999992","85.70228976697058","33","1.67"
"fraud_Dach-Borer","grocery_net","966","51243.390000000014","53.04698757763977","1","0.1"
"fraud_Kutch-Hegmann","grocery_net","925","49559.06000000001","53.577362162162174","6","0.65"
"fraud_Roob LLC","grocery_net","952","51327.93999999999","53.915903361344526","6","0.63"
"fraud_Towne, Greenholt and Koepp","shopping_net","1944","180964.41999999995","93.08869341563783","35","1.8"
"fraud_Hintz-Bruen","grocery_net","884","48071.35","54.37935520361991","1","0.11"
"fraud_Hahn, Douglas and Schowalter","travel","727","70679.72","97.22107290233838","4","0.55"
"fraud_Pollich LLC","home","2533","147117.82","58.08046585076984","3","0.12"
"fraud_Skiles-Ankunding","grocery_net","912","49717.81","54.515142543859646","2","0.22"
"fraud_Rempel PLC","grocery_net","887","47992.96","54.10705749718151","2","0.23"
"fraud_Spinka-Welch","grocery_net","908","49366.79000000001","54.3687114537445","5","0.55"
"fraud_Ebert-Daugherty","travel","810","79107.32999999997","97.66337037037033","3","0.37"
"fraud_Bahringer, Bergnaum and Quitzon","home","2481","147224.33000000005","59.340721483272894","6","0.24"
"fraud_Skiles LLC","home","2444","143927.33000000002","58.89006955810148","5","0.2"
"fraud_Rolfson-Kunde","personal_care","1821","89651.93","49.23225151015925","5","0.27"
"fraud_Reichert-Weissnat","travel","753","93881.64000000003","124.67681274900403","0","0.0"
"fraud_Collier LLC","home","2445","141048.29999999996","57.68846625766869","2","0.08"
"fraud_Turner LLC","travel","812","84076.66000000002","103.54268472906406","1","0.12"
"fraud_Daugherty-Thompson","food_dining","1847","96290.72000000006","52.13357877639419","3","0.16"
"fraud_Kozey-Kuhlman","personal_care","1836","87672.09000000001","47.751683006535956","5","0.27"
"fraud_Buckridge PLC","misc_pos","1583","100866.86000000004","63.71879974731525","7","0.44"
"fraud_Leffler-Goldner","personal_care","1851","85912.85999999999","46.41429497568881","7","0.38"
"fraud_Gulgowski LLC","home","2513","146698.44","58.3758217270195","0","0.0"
"fraud_Schmidt and Sons","shopping_net","1950","168352.56999999998","86.33465128205127","36","1.85"
"fraud_Kirlin and Sons","personal_care","1816","86533.15000000002","47.65041299559473","2","0.11"
"fraud_Schroeder Group","health_fitness","1675","90912.56000000001","54.27615522388061","0","0.0"
"fraud_Greenholt Ltd","health_fitness","1700","93175.26000000001","54.80897647058824","3","0.18"
"fraud_O'Keefe-Wisoky","food_dining","1801","88570.12","49.17830094392004","2","0.11"
"fraud_Roberts, Ryan and Smith","personal_care","1815","89251.81999999998","49.17455647382919","2","0.11"
"fraud_Emmerich-Rau","personal_care","1754","88737.16","50.59131128848347","2","0.11"
"fraud_Turcotte, McKenzie and Koss","entertainment","1874","120408.64999999998","64.25221451440767","5","0.27"
"fraud_Terry, Johns and Bins","misc_pos","1582","99219.71000000002","62.717895069532254","5","0.32"
"fraud_Yost-Rogahn","personal_care","1872","89216.88999999998","47.658595085470076","7","0.37"
"fraud_Grimes LLC","entertainment","1904","123953.04999999997","65.10139180672267","4","0.21"
"fraud_Pacocha-Weissnat","kids_pets","2289","132555.31000000006","57.9097029270424","4","0.17"
"fraud_Kerluke, Kertzmann and Wiza","misc_net","1201","101513.84999999999","84.52443796835969","21","1.75"
"fraud_Denesik, Powlowski and Pouros","home","2549","148006.66999999998","58.06460180462926","3","0.12"
"fraud_Berge-Hills","kids_pets","2284","126627.89999999997","55.44128721541154","1","0.04"
"fraud_Kilback and Sons","entertainment","1835","119458.88000000005","65.10020708446869","2","0.11"
"fraud_Larkin Ltd","kids_pets","2244","128065.85","57.0703431372549","9","0.4"
"fraud_Pfeffer and Sons","shopping_pos","2314","212663.09999999998","91.90280898876404","20","0.86"
"fraud_Pouros-Haag","shopping_pos","2334","190502.61","81.62065552699228","18","0.77"
"fraud_Moore, Dibbert and Koepp","misc_net","1266","105176.85000000003","83.07808056872041","25","1.97"
"fraud_O'Hara-Wilderman","food_dining","1807","91109.84000000001","50.420498063088","3","0.17"
"fraud_Dare, Fritsch and Zboncak","health_fitness","1740","92235.19000000002","53.008729885057484","4","0.23"
"fraud_Jacobi and Sons","shopping_pos","2340","195506.86999999994","83.54994444444442","19","0.81"
"fraud_Erdman-Schaden","personal_care","1819","87015.23","47.83684991753711","1","0.05"
"fraud_Runolfsdottir, Mueller and Hand","entertainment","1888","121627.0","64.42108050847457","4","0.21"
"fraud_Ratke and Sons","health_fitness","1723","92625.21999999997","53.75810795124781","7","0.41"
"fraud_Stiedemann Inc","misc_pos","1580","105754.36","66.93313924050634","7","0.44"
"fraud_Breitenberg-Hermiston","kids_pets","2195","124942.69","56.92149886104784","5","0.23"
"fraud_Prosacco, Kreiger and Kovacek","home","2440","139274.52999999997","57.07972540983605","1","0.04"
"fraud_Bode-Rempel","kids_pets","2294","132653.35999999996","57.826224934612014","4","0.17"
"fraud_Lang, Towne and Schuppe","kids_pets","2278","130962.21000000002","57.48999561018438","4","0.18"
"fraud_Schiller Ltd","personal_care","1764","83504.79999999999","47.338321995464845","5","0.28"
"fraud_Ruecker-Mayert","kids_pets","2280","135344.64999999994","59.3616885964912","6","0.26"
"fraud_Lesch Ltd","shopping_pos","2329","189454.20999999996","81.34573207385142","17","0.73"
"fraud_Langosh, Wintheiser and Hyatt","food_dining","1788","91191.94999999995","51.002209172259484","3","0.17"
"fraud_Schuppe-Schuppe","food_dining","1788","90843.15999999996","50.80713646532436","2","0.11"
"fraud_Pacocha-Bauch","shopping_pos","2324","209641.88000000003","90.20734939759038","18","0.77"
"fraud_Heller PLC","health_fitness","1699","94020.02999999998","55.33845203060623","1","0.06"
"fraud_Roob-Okuneva","health_fitness","1690","94732.82999999999","56.054928994082836","2","0.12"
"fraud_Crooks and Sons","personal_care","1844","87636.59","47.52526572668113","8","0.43"
"fraud_Quitzon-Goyette","home","2502","144582.97","57.786958433253396","2","0.08"
"fraud_Gaylord-Powlowski","home","2456","139525.99999999997","56.81026058631921","2","0.08"
"fraud_Altenwerth, Cartwright and Koss","shopping_net","1904","151489.81000000003","79.56397584033616","26","1.37"
"fraud_Zboncak LLC","food_dining","1766","87468.63999999998","49.52924122310305","3","0.17"
"fraud_Pouros, Walker and Spencer","kids_pets","2293","132976.18000000005","57.992228521587464","6","0.26"
"fraud_Eichmann-Russel","misc_pos","1525","95056.77","62.332308196721314","2","0.13"
"fraud_Cummerata-Hilpert","entertainment","1900","118946.75","62.60355263157895","2","0.11"
"fraud_Hudson-Grady","shopping_pos","2295","186558.36000000004","81.289045751634","11","0.48"
"fraud_Kling-Ernser","entertainment","1917","126544.82000000004","66.01190401669277","4","0.21"
"fraud_Stamm-Rodriguez","misc_pos","1655","104989.49","63.4377583081571","5","0.3"
"fraud_Windler, Goodwin and Kovacek","home","2452","140854.56999999998","57.444767536704724","6","0.24"
"fraud_Goyette-Herzog","travel","798","84817.01999999999","106.286992481203","2","0.25"
"fraud_Baumbach Ltd","personal_care","1807","85566.67999999996","47.35289429994464","5","0.28"
"fraud_Bogisich-Weimann","kids_pets","2311","132238.96000000002","57.22153180441368","6","0.26"
"fraud_Strosin-Cruickshank","grocery_pos","2459","284762.2899999999","115.80410329402193","35","1.42"
"fraud_Kertzmann LLC","health_fitness","1671","91213.25","54.586026331538","3","0.18"
"fraud_Hauck, Dietrich and Funk","kids_pets","2271","130649.86000000004","57.52966094231618","3","0.13"
"fraud_Hackett Group","travel","803","106925.73","133.1578206724782","1","0.12"
"fraud_Hoppe-Parisian","kids_pets","2282","131801.99000000002","57.75722611744085","3","0.13"
"fraud_Cronin, Kshlerin and Weber","health_fitness","1711","91518.18000000001","53.488123904149624","2","0.12"
"fraud_Kessler Inc","travel","805","73594.13","91.4212795031056","3","0.37"
"fraud_Beier and Sons","home","2473","144417.06","58.39751718560453","1","0.04"
"fraud_Howe PLC","entertainment","1863","122613.60999999999","65.81514224369296","5","0.27"
"fraud_Hilpert-Conroy","kids_pets","2363","135551.37000000002","57.36410071942447","6","0.25"
"fraud_Turcotte-Halvorson","misc_pos","1568","99200.95000000003","63.26591198979594","3","0.19"
"fraud_Reichel Inc","entertainment","1907","121806.88","63.87356056633456","5","0.26"
"fraud_Turner, Ziemann and Lehner","food_dining","1779","91565.66000000003","51.470297920179895","3","0.17"
"fraud_Willms, Kris and Bergnaum","shopping_pos","2351","164649.78000000003","70.03393449595917","12","0.51"
"fraud_Medhurst, Labadie and Gottlieb","travel","759","101726.23000000004","134.02665349143615","2","0.26"
"fraud_Bechtelar-Rippin","food_dining","1819","98237.99000000005","54.00659153380981","3","0.16"
"fraud_Koss, McLaughlin and Mayer","food_dining","1871","93321.38999999996","49.877814003206815","3","0.16"
"fraud_Bode-Schuster","kids_pets","2303","133321.75","57.890468953538864","7","0.3"
"fraud_Sawayn PLC","shopping_pos","2366","184479.15999999997","77.97090448013523","21","0.89"
"fraud_Cruickshank-Mills","entertainment","1892","125322.69999999998","66.23821353065539","7","0.37"
"fraud_Konopelski, Schneider and Hartmann","food_dining","1861","94769.30000000003","50.92385814078454","4","0.21"
"fraud_Flatley Group","misc_pos","1687","94209.37","55.84432128037937","3","0.18"
"fraud_Weimann-Lockman","kids_pets","2305","131578.16999999998","57.08380477223427","5","0.22"
"fraud_Gleason-Macejkovic","shopping_net","2033","175028.52","86.09371372356124","40","1.97"
"fraud_Crona and Sons","kids_pets","2254","130060.69","57.70216947648625","4","0.18"
"fraud_Nienow PLC","entertainment","1887","123617.41000000006","65.5100211976683","5","0.26"
"fraud_Goyette-Gerhold","kids_pets","2281","132836.06","58.23588776852257","2","0.09"
"fraud_Little-Gleichner","travel","783","127664.34","163.04513409961686","1","0.13"
"fraud_Hahn, Bahringer and McLaughlin","personal_care","1785","84712.99999999999","47.45826330532212","5","0.28"
"fraud_Jewess LLC","shopping_pos","2306","193445.29","83.88781006071119","19","0.82"
"fraud_Bins, Balistreri and Beatty","shopping_pos","2315","179288.82000000004","77.44657451403889","9","0.39"
"fraud_Swaniawski, Lowe and Robel","shopping_pos","2329","168541.41999999998","72.36643194504079","10","0.43"
"fraud_Raynor, Reinger and Hagenes","gas_transport","2621","167021.72000000003","63.72442579168258","9","0.34"
"fraud_Bartoletti-Wunsch","gas_transport","2676","169362.05999999997","63.28926008968609","15","0.56"
"fraud_Corwin-Collins","gas_transport","2675","169104.33000000002","63.216571962616825","13","0.49"
"fraud_Ledner-Pfannerstill","gas_transport","2619","165494.46999999997","63.189946544482616","12","0.46"
"fraud_Kunze Inc","grocery_pos","2458","286326.54000000004","116.48760781122866","35","1.42"
"fraud_Heller-Langosh","gas_transport","2541","160928.06000000003","63.33256985438805","16","0.63"
"fraud_Schaefer, Maggio and Daugherty","gas_transport","2620","166690.0299999999","63.6221488549618","13","0.5"
"fraud_Cole PLC","grocery_pos","2488","288303.65","115.877672829582","31","1.25"
"fraud_Christiansen, Goyette and Schamberger","gas_transport","2676","169782.39","63.44633408071749","10","0.37"
"fraud_Terry-Huel","shopping_net","1996","186191.01999999987","93.28207414829653","43","2.15"
"fraud_Cummerata-Jones","gas_transport","2736","174129.76999999993","63.64392178362571","12","0.44"
"fraud_McCullough Group","grocery_net","874","46522.7","53.22963386727688","3","0.34"
"fraud_Deckow-O'Conner","grocery_pos","2483","289993.54","116.79159887233185","32","1.29"
"fraud_Robel, Cummerata and Prosacco","gas_transport","2536","160853.0600000001","63.42786277602528","13","0.51"
"fraud_Swaniawski, Bahringer and Ledner","grocery_net","910","48997.350000000006","53.84324175824177","2","0.22"
"fraud_McDermott-Rice","misc_pos","1645","107960.02999999997","65.62919756838905","5","0.3"
"fraud_Zieme, Bode and Dooley","gas_transport","2560","161190.61000000004","62.96508203125002","8","0.31"
"fraud_Huel, Hammes and Witting","grocery_pos","2433","282663.36","116.17893958076448","33","1.36"
"fraud_Goldner, Kovacek and Abbott","grocery_pos","2471","290585.74","117.59843787940105","36","1.46"
"fraud_Cremin, Hamill and Reichel","misc_pos","1544","105819.48000000004","68.53593264248707","9","0.58"
"fraud_Schultz, Simonis and Little","grocery_pos","2399","285055.5","118.82263443101292","35","1.46"
"fraud_Wiza LLC","misc_pos","1609","96101.70000000004","59.72759477936609","6","0.37"
"fraud_Reichert, Huels and Hoppe","shopping_net","1912","162822.17999999996","85.15804393305437","28","1.46"
"fraud_Bogisich Inc","grocery_pos","2439","280960.93000000005","115.19513325133254","28","1.15"
"fraud_Pacocha-O'Reilly","grocery_pos","2549","297584.3799999999","116.74553942722632","36","1.41"
"fraud_Koepp-Parker","grocery_pos","2406","282972.23","117.61106816292602","35","1.45"
"fraud_Olson, Becker and Koch","gas_transport","2723","172695.22999999998","63.42094381197208","11","0.4"
"fraud_Greenholt, Jacobi and Gleason","gas_transport","2656","167513.0","63.069653614457835","16","0.6"
"fraud_Hudson-Ratke","grocery_pos","2476","288718.75999999995","116.60693053311792","40","1.62"
"fraud_Flatley-Durgan","misc_net","1205","101416.45","84.16302904564316","18","1.49"
"fraud_Bernhard Inc","gas_transport","2639","166196.87999999995","62.97721864342552","15","0.57"
"fraud_Huels-Nolan","gas_transport","2593","164768.82999999996","63.54370613189354","9","0.35"
"fraud_Marks Inc","gas_transport","2557","161273.37000000002","63.07132186155652","13","0.51"
"fraud_Kling Inc","gas_transport","2687","170624.94999999998","63.50016747301823","10","0.37"
"fraud_Wuckert-Walter","grocery_net","913","49368.770000000004","54.07313253012049","3","0.33"
"fraud_Dicki Ltd","grocery_net","906","48674.76999999999","53.72491169977924","1","0.11"
"fraud_Wisozk and Sons","misc_pos","1585","95336.11","60.14896529968454","6","0.38"
"fraud_Klocko LLC","misc_net","1274","98392.20000000004","77.23092621664054","13","1.02"
"fraud_Bahringer-Larson","grocery_net","829","44227.23","53.35009650180941","1","0.12"
"fraud_Schoen, Kuphal and Nitzsche","grocery_pos","2467","288695.02","117.02270774219701","34","1.38"
"fraud_Bins-Rice","gas_transport","2655","168026.15999999997","63.286689265536715","14","0.53"
"fraud_Rutherford-Mertz","grocery_pos","2489","289771.20999999996","116.42073523503413","29","1.17"
"fraud_Effertz LLC","entertainment","1824","124616.95999999999","68.32070175438596","9","0.49"
"fraud_Corwin-Gorczany","misc_net","1306","102088.5","78.1688361408882","16","1.23"
"fraud_Lockman, West and Runte","grocery_pos","2505","290371.42999999993","115.91673852295406","38","1.52"
"fraud_Kuhic Inc","grocery_pos","2434","285024.54000000004","117.1012900575185","30","1.23"
"fraud_Auer-Mosciski","grocery_pos","2455","288060.2300000001","117.33614256619148","35","1.43"
"fraud_Spinka Inc","grocery_net","899","47466.25000000001","52.79894327030034","4","0.44"
"fraud_Jones, Sawayn and Romaguera","misc_net","1269","102472.41999999998","80.75052797478328","12","0.95"
"fraud_Emmerich-Luettgen","grocery_net","908","49840.05999999998","54.88993392070483","3","0.33"
"fraud_Trantow PLC","grocery_net","877","46397.340000000004","52.904606613454966","2","0.23"
"fraud_Johnson, Runolfsdottir and Mayer","misc_net","1277","107631.61999999998","84.28474549725918","11","0.86"
"fraud_Kuphal-Bartoletti","misc_net","1297","103339.95","79.67613723978411","20","1.54"
"fraud_Predovic Inc","shopping_net","2021","177017.13999999996","87.58888668975753","24","1.19"
"fraud_Jenkins, Hauck and Friesen","gas_transport","2705","172186.69","63.6549685767098","15","0.55"
"fraud_Bernier, Volkman and Hoeger","misc_net","1228","94196.53999999996","76.70728013029313","13","1.06"
"fraud_Cummings LLC","gas_transport","2598","164142.95","63.18050423402618","13","0.5"
"fraud_Volkman Ltd","misc_net","1270","103140.41999999997","81.21292913385824","19","1.5"
"fraud_Reichert, Shanahan and Hayes","shopping_net","1979","156168.61","78.91289034866094","27","1.36"
"fraud_Bogisich-Homenick","misc_net","1291","103893.06999999998","80.47487993803252","20","1.55"
"fraud_Rohan, White and Aufderhar","misc_net","1279","107272.14","83.87188428459734","21","1.64"
"fraud_Brekke and Sons","gas_transport","2653","168677.30999999997","63.57983791933659","10","0.38"
"fraud_Reichert, Rowe and Mraz","shopping_net","1904","156886.21999999997","82.39822478991596","33","1.73"
"fraud_Schumm PLC","shopping_net","3634","256262.35000000006","70.51798293891031","31","0.85"
"fraud_Langworth LLC","personal_care","1816","86883.90999999999","47.84356277533039","6","0.33"
"fraud_McCullough, Hudson and Schuster","food_dining","1821","92181.20000000003","50.621197144426155","3","0.16"
"fraud_Block Group","misc_pos","1596","98244.33000000002","61.556597744360914","4","0.25"
"fraud_Kihn-Schuster","food_dining","1757","88009.60999999999","50.09084234490608","3","0.17"
"fraud_Reichel LLC","personal_care","1773","83652.59999999996","47.18138747884939","7","0.39"
"fraud_Champlin and Sons","home","2345","137856.30999999997","58.78733901918975","7","0.3"
"fraud_Bruen-Yost","misc_pos","1551","100032.69000000005","64.49560928433272","4","0.26"
"fraud_Kuphal-Toy","food_dining","1869","98489.63999999996","52.69643659711073","1","0.05"
"fraud_Padberg-Sauer","home","2424","144974.13000000006","59.80780940594062","4","0.17"
"fraud_Wilkinson Ltd","entertainment","1871","118804.52999999997","63.49787814003205","3","0.16"
"fraud_Kassulke Inc","entertainment","1832","119648.89999999997","65.3105349344978","7","0.38"
"fraud_Donnelly LLC","entertainment","1842","121388.38","65.90031487513572","6","0.33"
"fraud_Lakin, Ferry and Beatty","food_dining","1817","94409.65999999999","51.959086406164","2","0.11"
"fraud_Monahan, Hermann and Johns","travel","816","129550.87000000002","158.7633210784314","4","0.49"
"fraud_Heller-Abshire","grocery_net","877","47980.590000000004","54.70990877993159","4","0.46"
"fraud_Towne, Walker and Borer","grocery_net","936","50470.45000000002","53.92142094017096","3","0.32"
"fraud_Moen, Reinger and Murphy","grocery_pos","2378","282162.8","118.65550883095037","40","1.68"
"fraud_Runolfsson and Sons","grocery_net","928","49830.04","53.69616379310345","2","0.22"
"fraud_Streich, Hansen and Veum","gas_transport","2617","166229.43","63.519079098204045","10","0.38"
"fraud_Rowe-Vandervort","grocery_net","906","48135.24999999999","53.12941501103752","2","0.22"
"fraud_Stracke-Lemke","grocery_pos","2420","281624.32000000007","116.37368595041325","38","1.57"
"fraud_Kling-Grant","grocery_net","947","50501.80000000002","53.32819429778249","4","0.42"
"fraud_Bednar Inc","travel","835","96202.03000000001","115.21201197604792","1","0.12"
"fraud_Gutmann Ltd","grocery_net","914","47684.42999999999","52.1711487964989","3","0.33"
